Workbook

Sheet Dashboard
A1: CloudOps Hub - Risk Management Dashboard
A2: Overview & Top Risks Summary
A4: Total Risks | B4: Critical Risks (Score ≥ 6) | C4: Moderate/Low Risks
A5: =COUNTA('Risk Register'!A5:A20) -> 16 | B5: =COUNTIF('Risk Register'!G5:G20, ">=6") -> 8 | C5: =COUNTIF('Risk Register'!G5:G20, "<6") -> 8
A7: Top Risks Requiring Immediate Attention (Score ≥ 6)
A8: Risk ID | B8: Category | C8: Risk Name | D8: Probability | E8: Impact | F8: Risk Score | G8: Risk Level
A9: ='Risk Register'!A5 -> R001 | B9: ='Risk Register'!B5 -> Technical Risks | C9: ='Risk Register'!C5 -> Scope Creep | D9: ='Risk Register'!E5 -> 3 | E9: ='Risk Register'!F5 -> 3 | F9: ='Risk Register'!G5 -> 9 | G9: ='Risk Register'!H5 -> Critical
A10: ='Risk Register'!A15 -> R011 | B10: ='Risk Register'!B15 -> Project Management Risks | C10: ='Risk Register'!C15 -> Insufficient Development Time | D10: ='Risk Register'!E15 -> 3 | E10: ='Risk Register'!F15 -> 3 | F10: ='Risk Register'!G15 -> 9 | G10: ='Risk Register'!H15 -> Critical
A11: ='Risk Register'!A6 -> R002 | B11: ='Risk Register'!B6 -> Technical Risks | C11: ='Risk Register'!C6 -> Monitoring Agent Complexity | D11: ='Risk Register'!E6 -> 2 | E11: ='Risk Register'!F6 -> 3 | F11: ='Risk Register'!G6 -> 6 | G11: ='Risk Register'!H6 -> Critical
A12: ='Risk Register'!A9 -> R005 | B12: ='Risk Register'!B9 -> Cloud & Infrastructure Risks | C12: ='Risk Register'!C9 -> Lack of Azure/AWS Access | D12: ='Risk Register'!E9 -> 3 | E12: ='Risk Register'!F9 -> 2 | F12: ='Risk Register'!G9 -> 6 | G12: ='Risk Register'!H9 -> Critical
A13: ='Risk Register'!A12 -> R008 | B13: ='Risk Register'!B12 -> Security Risks | C13: ='Risk Register'!C12 -> Sensitive Data Exposure | D13: ='Risk Register'!E12 -> 2 | E13: ='Risk Register'!F12 -> 3 | F13: ='Risk Register'!G12 -> 6 | G13: ='Risk Register'!H12 -> Critical
A14: ='Risk Register'!A13 -> R009 | B14: ='Risk Register'!B13 -> Security Risks | C14: ='Risk Register'!C13 -> Authentication Vulnerabilities | D14: ='Risk Register'!E13 -> 2 | E14: ='Risk Register'!F13 -> 3 | F14: ='Risk Register'!G13 -> 6 | G14: ='Risk Register'!H13 -> Critical
A15: ='Risk Register'!A17 -> R013 | B15: ='Risk Register'!B17 -> Project Management Risks | C15: ='Risk Register'!C17 -> Poor Documentation | D15: ='Risk Register'!E17 -> 3 | E15: ='Risk Register'!F17 -> 2 | F15: ='Risk Register'!G17 -> 6 | G15: ='Risk Register'!H17 -> Critical
A16: ='Risk Register'!A20 -> R016 | B16: ='Risk Register'!B20 -> Academic Risks | C16: ='Risk Register'!C20 -> Failure to Meet Capstone Requirements | D16: ='Risk Register'!E20 -> 2 | E16: ='Risk Register'!F20 -> 3 | F16: ='Risk Register'!G20 -> 6 | G16: ='Risk Register'!H20 -> Critical

Sheet Risk Register
A1: CloudOps Hub - Risk Register
A2: Project Type: Cloud-Native Monitoring and Operations Platform | Prepared By: Capstone Team
A4: Risk ID | B4: Category | C4: Risk Name | D4: Description | E4: Probability | F4: Impact | G4: Risk Score | H4: Risk Level | I4: Mitigation Strategy | J4: Contingency Plan
A5: R001 | B5: Technical Risks | C5: Scope Creep | D5: Additional features are continuously added during development, increasing complexity and jeopardizing project completion. | E5: 3 | F5: 3 | G5: =E5*F5 -> 9 | H5: =IF(G5>=6,"Critical",IF(G5>=4,"High",IF(G5>=3,"Moderate","Low"))) -> Critical | I5: Define a strict MVP Place all non-essential features into a Future Enhancements backlog Require team approval before accepting new features | J5: Remove stretch goals and focus on core monitoring functionality.
A6: R002 | B6: Technical Risks | C6: Monitoring Agent Complexity | D6: Data collection agents may become more difficult to implement than anticipated across various operating systems and devices. | E6: 2 | F6: 3 | G6: =E6*F6 -> 6 | H6: =IF(G6>=6,"Critical",IF(G6>=4,"High",IF(G6>=3,"Moderate","Low"))) -> Critical | I6: Start with Linux monitoring only Use existing APIs or open-source exporters where possible Standardize collected metrics | J6: Use simulated devices or pre-existing monitoring exporters.
A7: R003 | B7: Technical Risks | C7: Integration Challenges | D7: Third-party integrations such as Proxmox, Docker, Unraid, or NAS systems may present compatibility issues. | E7: 2 | F7: 2 | G7: =E7*F7 -> 4 | H7: =IF(G7>=6,"Critical",IF(G7>=4,"High",IF(G7>=3,"Moderate","Low"))) -> High | I7: Build platform-independent monitoring first Treat integrations as stretch goals | J7: Demonstrate functionality using generic Linux systems.
A8: R004 | B8: Technical Risks | C8: Database Design Errors | D8: Poor schema design may impact scalability or require significant redesign later. | E8: 2 | F8: 2 | G8: =E8*F8 -> 4 | H8: =IF(G8>=6,"Critical",IF(G8>=4,"High",IF(G8>=3,"Moderate","Low"))) -> High | I8: Perform design reviews prior to implementation Build ERD before development Normalize core entities | J8: Refactor database and migrate data structures.
A9: R005 | B9: Cloud & Infrastructure Risks | C9: Lack of Azure/AWS Access | D9: Cloud resources may not be available early in the project. | E9: 3 | F9: 2 | G9: =E9*F9 -> 6 | H9: =IF(G9>=6,"Critical",IF(G9>=4,"High",IF(G9>=3,"Moderate","Low"))) -> Critical | I9: Develop locally using Docker Use Terraform modules without deployment Use free-tier accounts later | J9: Deploy proof-of-concept locally and present cloud-ready architecture.
A10: R006 | B10: Cloud & Infrastructure Risks | C10: Unexpected Cloud Costs | D10: Monitoring workloads could exceed free-tier limits. | E10: 2 | F10: 2 | G10: =E10*F10 -> 4 | H10: =IF(G10>=6,"Critical",IF(G10>=4,"High",IF(G10>=3,"Moderate","Low"))) -> High | I10: Use budgets and alerts Minimize ingestion volume Remove unnecessary telemetry | J10: Migrate portions to local infrastructure.
A11: R007 | B11: Cloud & Infrastructure Risks | C11: Infrastructure Deployment Failure | D11: Terraform or deployment automation could fail due to configuration errors. | E11: 2 | F11: 2 | G11: =E11*F11 -> 4 | H11: =IF(G11>=6,"Critical",IF(G11>=4,"High",IF(G11>=3,"Moderate","Low"))) -> High | I11: Use version-controlled IaC Test deployments in small environments | J11: Deploy using manual procedures while troubleshooting.
A12: R008 | B12: Security Risks | C12: Sensitive Data Exposure | D12: Credentials, API keys, or secrets could accidentally be stored in source control. | E12: 2 | F12: 3 | G12: =E12*F12 -> 6 | H12: =IF(G12>=6,"Critical",IF(G12>=4,"High",IF(G12>=3,"Moderate","Low"))) -> Critical | I12: Use environment variables Implement secret scanning Use secret management tools | J12: Rotate compromised credentials immediately.
A13: R009 | B13: Security Risks | C13: Authentication Vulnerabilities | D13: Improper authentication implementation may expose accounts. | E13: 2 | F13: 3 | G13: =E13*F13 -> 6 | H13: =IF(G13>=6,"Critical",IF(G13>=4,"High",IF(G13>=3,"Moderate","Low"))) -> Critical | I13: Use proven authentication frameworks Follow OWASP recommendations Test authorization policies | J13: Temporarily disable affected functionality until corrected.
A14: R010 | B14: Security Risks | C14: Unauthorized Access to Monitoring Data | D14: Users may gain access to resources belonging to other users. | E14: 1 | F14: 3 | G14: =E14*F14 -> 3 | H14: =IF(G14>=6,"Critical",IF(G14>=4,"High",IF(G14>=3,"Moderate","Low"))) -> Moderate | I14: Implement RBAC Separate tenant data Test permissions extensively | J14: Restrict account access and correct permission models.
A15: R011 | B15: Project Management Risks | C15: Insufficient Development Time | D15: Project effort exceeds available academic term. | E15: 3 | F15: 3 | G15: =E15*F15 -> 9 | H15: =IF(G15>=6,"Critical",IF(G15>=4,"High",IF(G15>=3,"Moderate","Low"))) -> Critical | I15: Maintain MVP focus Time-box development phases Prioritize core requirements | J15: Remove non-essential features and integrations.
A16: R012 | B16: Project Management Risks | C16: Team Availability | D16: Team members may become unavailable due to coursework, work obligations, or illness. | E16: 2 | F16: 2 | G16: =E16*F16 -> 4 | H16: =IF(G16>=6,"Critical",IF(G16>=4,"High",IF(G16>=3,"Moderate","Low"))) -> High | I16: Share responsibilities Maintain documentation Conduct regular progress reviews | J16: Redistribute work among remaining members.
... A20: R016 | B20: Academic Risks | C20: Failure to Meet Capstone Requirements | D20: Project implementation may not adequately demonstrate required cloud concepts. | E20: 2 | F20: 3 | G20: =E20*F20 -> 6 | H20: =IF(G20>=6,"Critical",IF(G20>=4,"High",IF(G20>=3,"Moderate","Low"))) -> Critical | I20: Map every deliverable to course outcomes: • Security • Monitoring • Automation • Business continuity • Well-Architected Framework • CI/CD | J20: Develop supplementary documentation and demonstrations.

Sheet Rating Scales
A1: Risk Rating Scales
A3: Probability Scale | E3: Impact Scale
A4: Level | B4: Score | C4: Description | E4: Level | F4: Score | G4: Description
A5: Low | B5: 1 | C5: Unlikely to occur | E5: Low | F5: 1 | G5: Minor project disruption
A6: Medium | B6: 2 | C6: Could occur | E6: Medium | F6: 2 | G6: Noticeable delay or reduction in scope
A7: High | B7: 3 | C7: Likely to occur | E7: High | F7: 3 | G7: Major impact on project success
